<?xml version="1.0" encoding="UTF-8"?>
<!DOCTYPE suite SYSTEM "http://testng.org/testng-1.0.dtd" >

<suite name = "Suite1">
  <parameter name="browser" value="chrome"></parameter>
   <parameter name="url" value="http://zero.webappsecurity.com/"></parameter>

  <test name = "testcase1">
      <classes>
         <class name = "testng_snippets.TestCase1" />
      </classes>
   </test>
   <test name = "testcase2">
   <parameter name="username" value="test01uname"></parameter>
   <parameter name="password" value="pword01"></parameter>
      <classes>
         <class name = "testng_snippets.TestCase2" />
      </classes>
   </test>
</suite>  